{"cameraMode":{"drawMode":0,"name":"Shaded","section":"Shading Mode"},"sceneLighting":false,"audioPlay":false,"sceneViewState":{"m_AlwaysRefresh":false,"showFog":true,"showSkybox":false,"showFlares":true,"showImageEffects":true,"showParticleSystems":true,"showVisualEffectGraphs":true,"m_FxEnabled":true},"in2DMode":false,"pivot":{"x":-0.5705757141113281,"y":6.537094593048096,"z":-0.6000022888183594},"rotation":{"x":-0.31894564628601076,"y":-0.007074409164488316,"z":0.0023763931822031738,"w":-0.9477940201759338},"size":7.5168232917785648,"orthographic":false}